timestamp,dataset,N,K,version,threads,run,time_s,iters,sse,energy_j,avg_power_w,energy_method,speedup,efficiency
2026-10-02T15:44:37,small,10000,4,seq,1,1,0.001888100,50,101199.1134,0.055481,27.782,rapl_energylib,0.936995,0.936995
2026-10-02T15:44:37,small,10000,4,seq,1,2,0.001932700,50,101199.1134,0.060913,27.060,rapl_energylib,0.915372,0.915372
2026-10-02T15:44:37,small,10000,4,seq,1,3,0.001700400,50,101199.1134,0.019714,9.867,rapl_energylib,1.040426,1.040426
2026-10-02T15:44:37,small,10000,4,seq,1,4,0.001729500,50,101199.1134,0.050842,25.120,rapl_energylib,1.022920,1.022920
2026-10-02T15:44:37,small,10000,4,seq,1,5,0.001735100,50,101199.1134,0.058105,28.609,rapl_energylib,1.019618,1.019618
2026-10-02T15:44:37,small,10000,4,seq,1,6,0.001737100,50,101199.1134,0.019775,9.897,rapl_energylib,1.018445,1.018445
2026-10-02T15:44:37,small,10000,4,seq,1,7,0.001728600,50,101199.1134,0.018616,9.166,rapl_energylib,1.023453,1.023453
2026-10-02T15:44:37,small,10000,4,seq,1,8,0.001737300,50,101199.1134,0.039734,19.525,rapl_energylib,1.018327,1.018327
2026-10-02T15:44:37,small,10000,4,seq,1,9,0.001741200,50,101199.1134,0.041565,20.741,rapl_energylib,1.016046,1.016046
2026-10-02T15:44:37,small,10000,4,seq,1,10,0.001761400,50,101199.1134,0.040710,19.966,rapl_energylib,1.004394,1.004394
2026-10-02T15:44:37,small,10000,4,pthreads,1,1,0.009520400,50,101199.1134,0.235229,26.204,rapl_energylib,0.185826,0.185826
2026-10-02T15:44:37,small,10000,4,pthreads,1,2,0.009793200,50,101199.1134,0.219238,22.007,rapl_energylib,0.180650,0.180650
2026-10-02T15:44:37,small,10000,4,pthreads,1,3,0.009811700,50,101199.1134,0.237610,23.516,rapl_energylib,0.180309,0.180309
2026-10-02T15:44:37,small,10000,4,pthreads,1,4,0.010580800,50,101199.1134,0.202454,19.351,rapl_energylib,0.167203,0.167203
2026-10-02T15:44:37,small,10000,4,pthreads,1,5,0.009184800,50,101199.1134,0.227234,24.513,rapl_energylib,0.192616,0.192616
2026-10-02T15:44:37,small,10000,4,pthreads,1,6,0.010596500,50,101199.1134,0.279480,25.702,rapl_energylib,0.166955,0.166955
2026-10-02T15:44:37,small,10000,4,pthreads,1,7,0.009642600,50,101199.1134,0.210632,20.666,rapl_energylib,0.183471,0.183471
2026-10-02T15:44:37,small,10000,4,pthreads,1,8,0.009752200,50,101199.1134,0.269958,27.329,rapl_energylib,0.181409,0.181409
2026-10-02T15:44:37,small,10000,4,pthreads,1,9,0.009312300,50,101199.1134,0.207458,22.016,rapl_energylib,0.189979,0.189979
2026-10-02T15:44:37,small,10000,4,pthreads,1,10,0.009552500,50,101199.1134,0.230347,22.679,rapl_energylib,0.185202,0.185202
2026-10-02T15:44:37,small,10000,4,pthreads,2,1,0.010700000,50,101199.1134,0.402588,35.561,rapl_energylib,0.165340,0.082670
2026-10-02T15:44:37,small,10000,4,pthreads,2,2,0.010596000,50,101199.1134,0.394775,35.892,rapl_energylib,0.166963,0.083482
2026-10-02T15:44:37,small,10000,4,pthreads,2,3,0.012066900,50,101199.1134,0.520569,42.558,rapl_energylib,0.146611,0.073305
2026-10-02T15:44:37,small,10000,4,pthreads,2,4,0.010706200,50,101199.1134,0.281433,25.573,rapl_energylib,0.165244,0.082622
2026-10-02T15:44:37,small,10000,4,pthreads,2,5,0.011512800,50,101199.1134,0.402283,33.288,rapl_energylib,0.153667,0.076834
2026-10-02T15:44:37,small,10000,4,pthreads,2,6,0.010711900,50,101199.1134,0.311340,29.054,rapl_energylib,0.165157,0.082578
2026-10-02T15:44:37,small,10000,4,pthreads,2,7,0.010934300,50,101199.1134,0.293884,29.097,rapl_energylib,0.161797,0.080899
2026-10-02T15:44:37,small,10000,4,pthreads,2,8,0.010134900,50,101199.1134,0.385315,36.109,rapl_energylib,0.174559,0.087280
2026-10-02T15:44:37,small,10000,4,pthreads,2,9,0.010187900,50,101199.1134,0.346985,34.362,rapl_energylib,0.173651,0.086826
2026-10-02T15:44:37,small,10000,4,pthreads,2,10,0.011151000,50,101199.1134,0.306946,27.549,rapl_energylib,0.158653,0.079327
2026-10-02T15:44:37,small,10000,4,pthreads,4,1,0.014541200,50,101199.1134,0.525452,36.064,rapl_energylib,0.121664,0.030416
2026-10-02T15:44:37,small,10000,4,pthreads,4,2,0.015310300,50,101199.1134,0.492676,31.616,rapl_energylib,0.115552,0.028888
2026-10-02T15:44:37,small,10000,4,pthreads,4,3,0.014504000,50,101199.1134,0.574402,39.592,rapl_energylib,0.121976,0.030494
2026-10-02T15:44:37,small,10000,4,pthreads,4,4,0.014704600,50,101199.1134,0.480103,33.708,rapl_energylib,0.120312,0.030078
2026-10-02T15:44:37,small,10000,4,pthreads,4,5,0.013846300,50,101199.1134,0.485168,36.758,rapl_energylib,0.127770,0.031942
2026-10-02T15:44:38,small,10000,4,pthreads,4,6,0.014932300,50,101199.1134,0.492920,31.877,rapl_energylib,0.118477,0.029619
2026-10-02T15:44:38,small,10000,4,pthreads,4,7,0.014750200,50,101199.1134,0.488037,32.252,rapl_energylib,0.119940,0.029985
2026-10-02T15:44:38,small,10000,4,pthreads,4,8,0.014700400,50,101199.1134,0.495972,34.078,rapl_energylib,0.120346,0.030087
2026-10-02T15:44:38,small,10000,4,pthreads,4,9,0.014658000,50,101199.1134,0.460327,30.605,rapl_energylib,0.120695,0.030174
2026-10-02T15:44:38,small,10000,4,pthreads,4,10,0.014915700,50,101199.1134,0.499023,33.098,rapl_energylib,0.118609,0.029652
2026-10-02T15:44:38,small,10000,4,pthreads,6,1,0.019129400,50,101199.1134,0.736084,36.867,rapl_energylib,0.092483,0.015414
2026-10-02T15:44:38,small,10000,4,pthreads,6,2,0.019534600,50,101199.1134,0.725952,37.942,rapl_energylib,0.090564,0.015094
2026-10-02T15:44:38,small,10000,4,pthreads,6,3,0.020228500,50,101199.1134,0.805603,39.514,rapl_energylib,0.087458,0.014576
2026-10-02T15:44:38,small,10000,4,pthreads,6,4,0.019428000,50,101199.1134,0.668518,34.950,rapl_energylib,0.091061,0.015177
2026-10-02T15:44:38,small,10000,4,pthreads,6,5,0.019720600,50,101199.1134,0.757141,39.395,rapl_energylib,0.089710,0.014952
2026-10-02T15:44:38,small,10000,4,pthreads,6,6,0.019820200,50,101199.1134,0.761047,37.899,rapl_energylib,0.089259,0.014877
2026-10-02T15:44:38,small,10000,4,pthreads,6,7,0.019643300,50,101199.1134,0.754272,37.451,rapl_energylib,0.090063,0.015011
2026-10-02T15:44:38,small,10000,4,pthreads,6,8,0.019724600,50,101199.1134,0.727051,36.912,rapl_energylib,0.089692,0.014949
2026-10-02T15:44:38,small,10000,4,pthreads,6,9,0.020065100,50,101199.1134,0.785645,39.097,rapl_energylib,0.088170,0.014695
2026-10-02T15:44:38,small,10000,4,pthreads,6,10,0.019721300,50,101199.1134,0.783081,41.068,rapl_energylib,0.089707,0.014951
2026-10-02T15:44:38,small,10000,4,omp,1,1,0.002767500,50,101199.1134,0.039795,13.095,rapl_energylib,0.639256,0.639256
2026-10-02T15:44:38,small,10000,4,omp,1,2,0.002770100,50,101199.1134,0.060425,18.222,rapl_energylib,0.638656,0.638656
2026-10-02T15:44:38,small,10000,4,omp,1,3,0.002776800,50,101199.1134,0.059937,29.511,rapl_energylib,0.637115,0.637115
2026-10-02T15:44:38,small,10000,4,omp,1,4,0.002778400,50,101199.1134,0.062805,20.928,rapl_energylib,0.636748,0.636748
2026-10-02T15:44:38,small,10000,4,omp,1,5,0.002770400,50,101199.1134,0.058838,19.431,rapl_energylib,0.638586,0.638586
2026-10-02T15:44:38,small,10000,4,omp,1,6,0.002912100,50,101199.1134,0.087158,29.033,rapl_energylib,0.607513,0.607513
2026-10-02T15:44:38,small,10000,4,omp,1,7,0.002795300,50,101199.1134,0.042053,18.509,rapl_energylib,0.632898,0.632898
2026-10-02T15:44:38,small,10000,4,omp,1,8,0.002785500,50,101199.1134,0.039246,12.957,rapl_energylib,0.635125,0.635125
2026-10-02T15:44:38,small,10000,4,omp,1,9,0.002873800,50,101199.1134,0.113098,37.388,rapl_energylib,0.615610,0.615610
2026-10-02T15:44:38,small,10000,4,omp,1,10,0.002798900,50,101199.1134,0.148560,49.537,rapl_energylib,0.632084,0.632084
2026-10-02T15:44:38,small,10000,4,omp,2,1,0.004347100,50,101199.1134,0.189209,47.314,rapl_energylib,0.406970,0.203485
2026-10-02T15:44:38,small,10000,4,omp,2,2,0.003411100,50,101199.1134,0.144958,36.239,rapl_energylib,0.518642,0.259321
2026-10-02T15:44:38,small,10000,4,omp,2,3,0.003017500,50,101199.1134,0.078979,26.344,rapl_energylib,0.586293,0.293147
2026-10-02T15:44:38,small,10000,4,omp,2,4,0.003097200,50,101199.1134,0.080994,32.281,rapl_energylib,0.571206,0.285603
2026-10-02T15:44:38,small,10000,4,omp,2,5,0.003030600,50,101199.1134,0.084229,28.935,rapl_energylib,0.583759,0.291879
2026-10-02T15:44:38,small,10000,4,omp,2,6,0.003002700,50,101199.1134,0.078613,26.222,rapl_energylib,0.589183,0.294592
2026-10-02T15:44:38,small,10000,4,omp,2,7,0.003101000,50,101199.1134,0.076843,19.206,rapl_energylib,0.570506,0.285253
2026-10-02T15:44:38,small,10000,4,omp,2,8,0.003143800,50,101199.1134,0.135925,51.370,rapl_energylib,0.562739,0.281370
2026-10-02T15:44:38,small,10000,4,omp,2,9,0.003449600,50,101199.1134,0.096313,23.186,rapl_energylib,0.512854,0.256427
2026-10-02T15:44:38,small,10000,4,omp,2,10,0.003212100,50,101199.1134,0.073181,24.386,rapl_energylib,0.550774,0.275387
2026-10-02T15:44:39,small,10000,4,omp,4,1,0.004084200,50,101199.1134,0.117432,28.538,rapl_energylib,0.433167,0.108292
2026-10-02T15:44:39,small,10000,4,omp,4,2,0.003780200,50,101199.1134,0.084290,24.007,rapl_energylib,0.468002,0.117000
2026-10-02T15:44:39,small,10000,4,omp,4,3,0.003615300,50,101199.1134,0.117310,39.129,rapl_energylib,0.489348,0.122337
2026-10-02T15:44:39,small,10000,4,omp,4,4,0.003657200,50,101199.1134,0.109863,27.473,rapl_energylib,0.483742,0.120935
2026-10-02T15:44:39,small,10000,4,omp,4,5,0.004067000,50,101199.1134,0.150818,37.705,rapl_energylib,0.434999,0.108750
2026-10-02T15:44:39,small,10000,4,omp,4,6,0.003945200,50,101199.1134,0.107361,34.040,rapl_energylib,0.448428,0.112107
2026-10-02T15:44:39,small,10000,4,omp,4,7,0.004026400,50,101199.1134,0.114197,27.765,rapl_energylib,0.439385,0.109846
2026-10-02T15:44:39,small,10000,4,omp,4,8,0.003698100,50,101199.1134,0.127991,32.006,rapl_energylib,0.478392,0.119598
2026-10-02T15:44:39,small,10000,4,omp,4,9,0.004072500,50,101199.1134,0.108032,26.240,rapl_energylib,0.434411,0.108603
2026-10-02T15:44:39,small,10000,4,omp,4,10,0.003572400,50,101199.1134,0.107056,35.673,rapl_energylib,0.495224,0.123806
2026-10-02T15:44:39,small,10000,4,omp,6,1,0.004135100,50,101199.1134,0.123901,30.975,rapl_energylib,0.427835,0.071306
2026-10-02T15:44:39,small,10000,4,omp,6,2,0.004692600,50,101199.1134,0.172424,34.443,rapl_energylib,0.377006,0.062834
2026-10-02T15:44:39,small,10000,4,omp,6,3,0.003765200,50,101199.1134,0.137756,34.448,rapl_energylib,0.469866,0.078311
2026-10-02T15:44:39,small,10000,4,omp,6,4,0.004062500,50,101199.1134,0.135681,30.084,rapl_energylib,0.435481,0.072580
2026-10-02T15:44:39,small,10000,4,omp,6,5,0.004203200,50,101199.1134,0.155457,37.953,rapl_energylib,0.420903,0.070151
2026-10-02T15:44:39,small,10000,4,omp,6,6,0.004146300,50,101199.1134,0.144653,34.890,rapl_energylib,0.426679,0.071113
2026-10-02T15:44:39,small,10000,4,omp,6,7,0.004075100,50,101199.1134,0.125732,31.441,rapl_energylib,0.434134,0.072356
2026-10-02T15:44:39,small,10000,4,omp,6,8,0.004117900,50,101199.1134,0.128296,31.468,rapl_energylib,0.429622,0.071604
2026-10-02T15:44:39,small,10000,4,omp,6,9,0.004294900,50,101199.1134,0.127747,25.231,rapl_energylib,0.411916,0.068653
2026-10-02T15:44:39,small,10000,4,omp,6,10,0.004787300,50,101199.1134,0.145874,29.175,rapl_energylib,0.369549,0.061591
2026-10-02T15:44:39,medium,1000000,8,seq,1,1,0.113850400,17,4600937.222,2.516846,22.171,rapl_energylib,1.037833,1.037833
2026-10-02T15:44:39,medium,1000000,8,seq,1,2,0.113182300,17,4600937.222,2.231018,19.714,rapl_energylib,1.043959,1.043959
2026-10-02T15:44:39,medium,1000000,8,seq,1,3,0.110218400,17,4600937.222,2.135498,19.454,rapl_energylib,1.072032,1.072032
2026-10-02T15:44:40,medium,1000000,8,seq,1,4,0.111794300,17,4600937.222,2.087524,18.654,rapl_energylib,1.056920,1.056920
2026-10-02T15:44:40,medium,1000000,8,seq,1,5,0.112809900,17,4600937.222,2.252319,20.004,rapl_energylib,1.047405,1.047405
2026-10-02T15:44:40,medium,1000000,8,seq,1,6,0.112003000,17,4600937.222,2.253235,20.114,rapl_energylib,1.054951,1.054951
2026-10-02T15:44:40,medium,1000000,8,seq,1,7,0.113109500,17,4600937.222,2.292419,20.263,rapl_energylib,1.044631,1.044631
2026-10-02T15:44:40,medium,1000000,8,seq,1,8,0.166984000,17,4600937.222,7.568787,45.222,rapl_energylib,0.707599,0.707599
2026-10-02T15:44:40,medium,1000000,8,seq,1,9,0.113741000,17,4600937.222,2.737915,23.961,rapl_energylib,1.038831,1.038831
2026-10-02T15:44:40,medium,1000000,8,seq,1,10,0.113883700,17,4600937.222,2.410522,21.123,rapl_energylib,1.037529,1.037529
2026-10-02T15:44:41,medium,1000000,8,pthreads,1,1,0.119224500,17,4600937.222,2.565430,21.452,rapl_energylib,0.991052,0.991052
2026-10-02T15:44:41,medium,1000000,8,pthreads,1,2,0.118947600,17,4600937.222,2.523743,21.191,rapl_energylib,0.993359,0.993359
2026-10-02T15:44:41,medium,1000000,8,pthreads,1,3,0.119553500,17,4600937.222,2.503052,20.904,rapl_energylib,0.988324,0.988324
2026-10-02T15:44:41,medium,1000000,8,pthreads,1,4,0.119060400,17,4600937.222,2.474426,20.759,rapl_energylib,0.992418,0.992418
2026-10-02T15:44:41,medium,1000000,8,pthreads,1,5,0.119101000,17,4600937.222,2.539185,21.275,rapl_energylib,0.992079,0.992079
2026-10-02T15:44:41,medium,1000000,8,pthreads,1,6,0.118199600,17,4600937.222,2.226990,18.903,rapl_energylib,0.999645,0.999645
2026-10-02T15:44:42,medium,1000000,8,pthreads,1,7,0.117605600,17,4600937.222,2.184753,18.609,rapl_energylib,1.004694,1.004694
2026-10-02T15:44:42,medium,1000000,8,pthreads,1,8,0.116431300,17,4600937.222,2.211731,18.957,rapl_energylib,1.014827,1.014827
2026-10-02T15:44:42,medium,1000000,8,pthreads,1,9,0.118469700,17,4600937.222,2.325195,19.693,rapl_energylib,0.997366,0.997366
2026-10-02T15:44:42,medium,1000000,8,pthreads,1,10,0.118567500,17,4600937.222,2.217834,18.617,rapl_energylib,0.996543,0.996543
2026-10-02T15:44:42,medium,1000000,8,pthreads,2,1,0.063952700,17,4600937.222,1.804871,28.038,rapl_energylib,1.847579,0.923789
2026-10-02T15:44:42,medium,1000000,8,pthreads,2,2,0.064445200,17,4600937.222,1.996399,30.898,rapl_energylib,1.833459,0.916730
2026-10-02T15:44:42,medium,1000000,8,pthreads,2,3,0.064182800,17,4600937.222,1.832703,28.433,rapl_energylib,1.840955,0.920478
2026-10-02T15:44:42,medium,1000000,8,pthreads,2,4,0.064094100,17,4600937.222,1.817749,28.270,rapl_energylib,1.843503,0.921751
2026-10-02T15:44:42,medium,1000000,8,pthreads,2,5,0.063880200,17,4600937.222,1.784912,27.818,rapl_energylib,1.849676,0.924838
2026-10-02T15:44:43,medium,1000000,8,pthreads,2,6,0.063768400,17,4600937.222,1.779724,28.112,rapl_energylib,1.852919,0.926459
2026-10-02T15:44:43,medium,1000000,8,pthreads,2,7,0.063954100,17,4600937.222,1.769592,27.620,rapl_energylib,1.847538,0.923769
2026-10-02T15:44:43,medium,1000000,8,pthreads,2,8,0.064224200,17,4600937.222,1.859436,28.912,rapl_energylib,1.839768,0.919884
2026-10-02T15:44:43,medium,1000000,8,pthreads,2,9,0.063887800,17,4600937.222,1.921204,30.036,rapl_energylib,1.849456,0.924728
2026-10-02T15:44:43,medium,1000000,8,pthreads,2,10,0.063903900,17,4600937.222,1.768860,27.412,rapl_energylib,1.848990,0.924495
2026-10-02T15:44:43,medium,1000000,8,pthreads,4,1,0.039874800,17,4600937.222,1.538269,38.543,rapl_energylib,2.963216,0.740804
2026-10-02T15:44:43,medium,1000000,8,pthreads,4,2,0.038746800,17,4600937.222,1.487488,38.905,rapl_energylib,3.049482,0.762370
2026-10-02T15:44:43,medium,1000000,8,pthreads,4,3,0.038561300,17,4600937.222,1.563538,40.468,rapl_energylib,3.064151,0.766038
2026-10-02T15:44:43,medium,1000000,8,pthreads,4,4,0.039156900,17,4600937.222,1.636719,42.216,rapl_energylib,3.017544,0.754386
2026-10-02T15:44:43,medium,1000000,8,pthreads,4,5,0.040370500,17,4600937.222,1.636292,40.101,rapl_energylib,2.926831,0.731708
2026-10-02T15:44:43,medium,1000000,8,pthreads,4,6,0.037899800,17,4600937.222,1.422119,37.499,rapl_energylib,3.117633,0.779408
2026-10-02T15:44:43,medium,1000000,8,pthreads,4,7,0.038074200,17,4600937.222,1.406250,37.686,rapl_energylib,3.103352,0.775838
2026-10-02T15:44:43,medium,1000000,8,pthreads,4,8,0.038133600,17,4600937.222,1.440125,37.901,rapl_energylib,3.098518,0.774630
2026-10-02T15:44:43,medium,1000000,8,pthreads,4,9,0.037875500,17,4600937.222,1.426392,37.913,rapl_energylib,3.119633,0.779908
2026-10-02T15:44:43,medium,1000000,8,pthreads,4,10,0.038209000,17,4600937.222,1.510864,39.831,rapl_energylib,3.092404,0.773101
2026-10-02T15:44:44,medium,1000000,8,pthreads,6,1,0.030098000,17,4600937.222,1.342834,44.299,rapl_energylib,3.925764,0.654294
2026-10-02T15:44:44,medium,1000000,8,pthreads,6,2,0.028675000,17,4600937.222,1.356750,46.261,rapl_energylib,4.120581,0.686763
2026-10-02T15:44:44,medium,1000000,8,pthreads,6,3,0.034876600,17,4600937.222,1.661133,47.590,rapl_energylib,3.387878,0.564646
2026-10-02T15:44:44,medium,1000000,8,pthreads,6,4,0.029005200,17,4600937.222,1.311951,44.473,rapl_energylib,4.073671,0.678945
2026-10-02T15:44:44,medium,1000000,8,pthreads,6,5,0.031590000,17,4600937.222,1.502197,47.724,rapl_energylib,3.740350,0.623392
2026-10-02T15:44:44,medium,1000000,8,pthreads,6,6,0.028008500,17,4600937.222,1.351624,47.437,rapl_energylib,4.218635,0.703106
2026-10-02T15:44:44,medium,1000000,8,pthreads,6,7,0.028555100,17,4600937.222,1.351990,46.187,rapl_energylib,4.137883,0.689647
2026-10-02T15:44:44,medium,1000000,8,pthreads,6,8,0.027790200,17,4600937.222,1.325623,48.238,rapl_energylib,4.251774,0.708629
2026-10-02T15:44:44,medium,1000000,8,pthreads,6,9,0.030016700,17,4600937.222,1.429199,46.841,rapl_energylib,3.936397,0.656066
2026-10-02T15:44:44,medium,1000000,8,pthreads,6,10,0.027201500,17,4600937.222,1.354370,51.085,rapl_energylib,4.343792,0.723965
2026-10-02T15:44:44,medium,1000000,8,omp,1,1,0.114393900,17,4600937.222,2.518433,21.964,rapl_energylib,1.032902,1.032902
2026-10-02T15:44:44,medium,1000000,8,omp,1,2,0.114625200,17,4600937.222,2.446167,21.300,rapl_energylib,1.030817,1.030817
2026-10-02T15:44:45,medium,1000000,8,omp,1,3,0.114235900,17,4600937.222,2.389038,20.820,rapl_energylib,1.034330,1.034330
2026-10-02T15:44:45,medium,1000000,8,omp,1,4,0.115190000,17,4600937.222,3.946350,34.159,rapl_energylib,1.025763,1.025763
2026-10-02T15:44:45,medium,1000000,8,omp,1,5,0.115317300,17,4600937.222,2.950439,25.512,rapl_energylib,1.024631,1.024631
2026-10-02T15:44:45,medium,1000000,8,omp,1,6,0.164118100,17,4600937.222,7.601135,46.327,rapl_energylib,0.719955,0.719955
2026-10-02T15:44:45,medium,1000000,8,omp,1,7,0.115446000,17,4600937.222,2.473633,21.532,rapl_energylib,1.023488,1.023488
2026-10-02T15:44:45,medium,1000000,8,omp,1,8,0.114889200,17,4600937.222,2.516174,21.761,rapl_energylib,1.028449,1.028449
2026-10-02T15:44:45,medium,1000000,8,omp,1,9,0.113506600,17,4600937.222,2.207031,19.555,rapl_energylib,1.040976,1.040976
2026-10-02T15:44:46,medium,1000000,8,omp,1,10,0.113552900,17,4600937.222,2.035278,17.921,rapl_energylib,1.040552,1.040552
2026-10-02T15:44:46,medium,1000000,8,omp,2,1,0.058799600,17,4600937.222,1.558533,26.571,rapl_energylib,2.009498,1.004749
2026-10-02T15:44:46,medium,1000000,8,omp,2,2,0.059650200,17,4600937.222,1.592712,26.952,rapl_energylib,1.980842,0.990421
2026-10-02T15:44:46,medium,1000000,8,omp,2,3,0.057840700,17,4600937.222,1.608826,27.735,rapl_energylib,2.042812,1.021406
2026-10-02T15:44:46,medium,1000000,8,omp,2,4,0.057986600,17,4600937.222,1.528748,26.452,rapl_energylib,2.037672,1.018836
2026-10-02T15:44:46,medium,1000000,8,omp,2,5,0.058571500,17,4600937.222,1.581787,27.020,rapl_energylib,2.017323,1.008662
2026-10-02T15:44:46,medium,1000000,8,omp,2,6,0.058659600,17,4600937.222,1.622070,27.465,rapl_energylib,2.014293,1.007147
2026-10-02T15:44:46,medium,1000000,8,omp,2,7,0.058265100,17,4600937.222,1.702637,29.176,rapl_energylib,2.027932,1.013966
2026-10-02T15:44:46,medium,1000000,8,omp,2,8,0.059327800,17,4600937.222,1.832764,30.861,rapl_energylib,1.991607,0.995803
2026-10-02T15:44:46,medium,1000000,8,omp,2,9,0.058955000,17,4600937.222,1.647766,28.132,rapl_energylib,2.004201,1.002100
2026-10-02T15:44:46,medium,1000000,8,omp,2,10,0.058940200,17,4600937.222,1.653564,28.037,rapl_energylib,2.004704,1.002352
2026-10-02T15:44:46,medium,1000000,8,omp,4,1,0.032364200,17,4600937.222,1.341553,40.720,rapl_energylib,3.650875,0.912719
2026-10-02T15:44:47,medium,1000000,8,omp,4,2,0.031857500,17,4600937.222,1.321411,41.306,rapl_energylib,3.708943,0.927236
2026-10-02T15:44:47,medium,1000000,8,omp,4,3,0.030913000,17,4600937.222,1.323059,42.442,rapl_energylib,3.822264,0.955566
2026-10-02T15:44:47,medium,1000000,8,omp,4,4,0.031138400,17,4600937.222,1.398254,45.423,rapl_energylib,3.794596,0.948649
2026-10-02T15:44:47,medium,1000000,8,omp,4,5,0.031293300,17,4600937.222,1.316772,41.828,rapl_energylib,3.775813,0.943953
2026-10-02T15:44:47,medium,1000000,8,omp,4,6,0.030845000,17,4600937.222,1.312927,43.532,rapl_energylib,3.830691,0.957673
2026-10-02T15:44:47,medium,1000000,8,omp,4,7,0.032018300,17,4600937.222,1.457092,44.419,rapl_energylib,3.690316,0.922579
2026-10-02T15:44:47,medium,1000000,8,omp,4,8,0.030749600,17,4600937.222,1.345581,44.183,rapl_energylib,3.842575,0.960644
2026-10-02T15:44:47,medium,1000000,8,omp,4,9,0.031098000,17,4600937.222,1.435791,46.509,rapl_energylib,3.799526,0.949881
2026-10-02T15:44:47,medium,1000000,8,omp,4,10,0.030519200,17,4600937.222,1.345825,44.436,rapl_energylib,3.871584,0.967896
2026-10-02T15:44:47,medium,1000000,8,omp,6,1,0.024253700,17,4600937.222,1.233093,51.557,rapl_energylib,4.871737,0.811956
2026-10-02T15:44:47,medium,1000000,8,omp,6,2,0.024588400,17,4600937.222,1.258728,49.993,rapl_energylib,4.805422,0.800904
2026-10-02T15:44:47,medium,1000000,8,omp,6,3,0.022430700,17,4600937.222,1.194885,53.472,rapl_energylib,5.267676,0.877946
2026-10-02T15:44:47,medium,1000000,8,omp,6,4,0.024124800,17,4600937.222,1.267090,52.600,rapl_energylib,4.897767,0.816295
2026-10-02T15:44:47,medium,1000000,8,omp,6,5,0.024415200,17,4600937.222,1.260986,50.379,rapl_energylib,4.839512,0.806585
2026-10-02T15:44:47,medium,1000000,8,omp,6,6,0.023984700,17,4600937.222,1.220398,52.483,rapl_energylib,4.926376,0.821063
2026-10-02T15:44:47,medium,1000000,8,omp,6,7,0.021989700,17,4600937.222,1.149048,52.832,rapl_energylib,5.373318,0.895553
2026-10-02T15:44:47,medium,1000000,8,omp,6,8,0.020171400,17,4600937.222,1.053406,53.305,rapl_energylib,5.857682,0.976280
2026-10-02T15:44:47,medium,1000000,8,omp,6,9,0.020662500,17,4600937.222,1.071716,51.037,rapl_energylib,5.718459,0.953076
2026-10-02T15:44:47,medium,1000000,8,omp,6,10,0.020436800,17,4600937.222,1.140564,55.976,rapl_energylib,5.781612,0.963602
2026-10-02T15:45:01,large,10000000,16,seq,1,1,6.964356500,50,88526711.17,152.324585,21.872,rapl_energylib,0.991459,0.991459
2026-10-02T15:45:08,large,10000000,16,seq,1,2,6.828882700,50,88526711.17,145.316101,21.281,rapl_energylib,1.011128,1.011128
2026-10-02T15:45:15,large,10000000,16,seq,1,3,6.898749600,50,88526711.17,154.311951,22.366,rapl_energylib,1.000887,1.000887
2026-10-02T15:45:22,large,10000000,16,seq,1,4,6.955839400,50,88526711.17,158.812073,22.832,rapl_energylib,0.992673,0.992673
2026-10-02T15:45:29,large,10000000,16,seq,1,5,6.896403100,50,88526711.17,144.573486,20.962,rapl_energylib,1.001228,1.001228
2026-10-02T15:45:36,large,10000000,16,seq,1,6,6.828535800,50,88526711.17,153.461487,22.473,rapl_energylib,1.011179,1.011179
2026-10-02T15:45:43,large,10000000,16,seq,1,7,6.941740900,50,88526711.17,165.062744,23.779,rapl_energylib,0.994689,0.994689
2026-10-02T15:45:50,large,10000000,16,seq,1,8,6.886023600,50,88526711.17,153.474854,22.289,rapl_energylib,1.002737,1.002737
2026-10-02T15:45:57,large,10000000,16,seq,1,9,7.005372600,50,88526711.17,160.239380,22.873,rapl_energylib,0.985654,0.985654
2026-10-02T15:46:04,large,10000000,16,seq,1,10,6.842808700,50,88526711.17,150.765930,22.032,rapl_energylib,1.009070,1.009070
2026-10-02T15:46:18,large,10000000,16,pthreads,1,1,6.848021800,50,88526711.17,151.476013,22.118,rapl_energylib,1.008302,1.008302
2026-10-02T15:46:25,large,10000000,16,pthreads,1,2,6.878910000,50,88526711.17,147.708313,21.473,rapl_energylib,1.003774,1.003774
2026-10-02T15:46:31,large,10000000,16,pthreads,1,3,6.899136500,50,88526711.17,152.219299,22.061,rapl_energylib,1.000831,1.000831
2026-10-02T15:46:38,large,10000000,16,pthreads,1,4,6.820935800,50,88526711.17,147.355164,21.604,rapl_energylib,1.012306,1.012306
2026-10-02T15:46:45,large,10000000,16,pthreads,1,5,7.061570200,50,88526711.17,169.914795,24.059,rapl_energylib,0.977810,0.977810
2026-10-02T15:46:52,large,10000000,16,pthreads,1,6,6.860317800,50,88526711.17,151.155151,22.033,rapl_energylib,1.006494,1.006494
2026-10-02T15:46:59,large,10000000,16,pthreads,1,7,6.747662900,50,88526711.17,144.959167,21.483,rapl_energylib,1.023298,1.023298
2026-10-02T15:47:06,large,10000000,16,pthreads,1,8,6.803203500,50,88526711.17,150.013794,22.051,rapl_energylib,1.014944,1.014944
2026-10-02T15:47:13,large,10000000,16,pthreads,1,9,6.786779600,50,88526711.17,146.192993,21.540,rapl_energylib,1.017400,1.017400
2026-10-02T15:47:20,large,10000000,16,pthreads,1,10,6.799875700,50,88526711.17,145.990417,21.470,rapl_energylib,1.015441,1.015441
2026-10-02T15:47:27,large,10000000,16,pthreads,2,1,3.611344700,50,88526711.17,108.584167,30.068,rapl_energylib,1.911995,0.955997
2026-10-02T15:47:31,large,10000000,16,pthreads,2,2,3.575069100,50,88526711.17,105.499207,29.508,rapl_energylib,1.931395,0.965698
2026-10-02T15:47:34,large,10000000,16,pthreads,2,3,3.538582800,50,88526711.17,101.179749,28.597,rapl_energylib,1.951310,0.975655
2026-10-02T15:47:38,large,10000000,16,pthreads,2,4,3.607114600,50,88526711.17,107.928589,29.923,rapl_energylib,1.914237,0.957118
2026-10-02T15:47:42,large,10000000,16,pthreads,2,5,3.684384100,50,88526711.17,109.688354,29.776,rapl_energylib,1.874091,0.937046
2026-10-02T15:47:45,large,10000000,16,pthreads,2,6,3.678211000,50,88526711.17,111.897278,30.419,rapl_energylib,1.877236,0.938618
2026-10-02T15:47:49,large,10000000,16,pthreads,2,7,3.629819300,50,88526711.17,108.280151,29.829,rapl_energylib,1.902263,0.951132
2026-10-02T15:47:53,large,10000000,16,pthreads,2,8,3.595887700,50,88526711.17,112.187622,31.200,rapl_energylib,1.920213,0.960107
2026-10-02T15:47:56,large,10000000,16,pthreads,2,9,3.662430200,50,88526711.17,120.939697,33.020,rapl_energylib,1.885325,0.942663
2026-10-02T15:48:00,large,10000000,16,pthreads,2,10,3.542659900,50,88526711.17,104.082581,29.383,rapl_energylib,1.949064,0.974532
2026-10-02T15:48:04,large,10000000,16,pthreads,4,1,1.915251500,50,88526711.17,84.255432,43.990,rapl_energylib,3.605203,0.901301
2026-10-02T15:48:06,large,10000000,16,pthreads,4,2,1.998499100,50,88526711.17,90.768127,45.417,rapl_energylib,3.455028,0.863757
2026-10-02T15:48:08,large,10000000,16,pthreads,4,3,1.898952700,50,88526711.17,83.749207,44.106,rapl_energylib,3.636147,0.909037
2026-10-02T15:48:10,large,10000000,16,pthreads,4,4,1.900436400,50,88526711.17,83.545898,43.970,rapl_energylib,3.633308,0.908327
2026-10-02T15:48:12,large,10000000,16,pthreads,4,5,1.991042800,50,88526711.17,90.847717,45.635,rapl_energylib,3.467967,0.866992
2026-10-02T15:48:14,large,10000000,16,pthreads,4,6,2.017546200,50,88526711.17,92.361389,45.778,rapl_energylib,3.422410,0.855603
2026-10-02T15:48:16,large,10000000,16,pthreads,4,7,1.887481300,50,88526711.17,83.889221,44.438,rapl_energylib,3.658246,0.914562
2026-10-02T15:48:18,large,10000000,16,pthreads,4,8,1.915817600,50,88526711.17,83.627808,43.667,rapl_energylib,3.604138,0.901035
2026-10-02T15:48:20,large,10000000,16,pthreads,4,9,1.988634600,50,88526711.17,90.028259,45.269,rapl_energylib,3.472167,0.868042
2026-10-02T15:48:22,large,10000000,16,pthreads,4,10,1.920109900,50,88526711.17,85.144287,44.331,rapl_energylib,3.596081,0.899020
2026-10-02T15:48:25,large,10000000,16,pthreads,6,1,1.338383900,50,88526711.17,72.532410,54.194,rapl_energylib,5.159111,0.859852
2026-10-02T15:48:26,large,10000000,16,pthreads,6,2,1.427873300,50,88526711.17,77.501831,54.273,rapl_energylib,4.835773,0.805962
2026-10-02T15:48:28,large,10000000,16,pthreads,6,3,1.337596800,50,88526711.17,72.835205,54.440,rapl_energylib,5.162147,0.860358
2026-10-02T15:48:29,large,10000000,16,pthreads,6,4,1.478121800,50,88526711.17,80.810547,54.649,rapl_energylib,4.671382,0.778564
2026-10-02T15:48:31,large,10000000,16,pthreads,6,5,1.302577500,50,88526711.17,70.722046,54.279,rapl_energylib,5.300929,0.883488
2026-10-02T15:48:32,large,10000000,16,pthreads,6,6,1.393263900,50,88526711.17,76.176636,54.660,rapl_energylib,4.955896,0.825983
2026-10-02T15:48:33,large,10000000,16,pthreads,6,7,1.366104900,50,88526711.17,75.362610,55.167,rapl_energylib,5.054422,0.842404
2026-10-02T15:48:35,large,10000000,16,pthreads,6,8,1.680993400,50,88526711.17,92.280273,54.871,rapl_energylib,4.107614,0.684602
2026-10-02T15:48:37,large,10000000,16,pthreads,6,9,1.403062900,50,88526711.17,75.251404,53.631,rapl_energylib,4.921284,0.820214
2026-10-02T15:48:38,large,10000000,16,pthreads,6,10,1.429981000,50,88526711.17,78.364563,54.795,rapl_energylib,4.828645,0.804774
2026-10-02T15:48:52,large,10000000,16,omp,1,1,6.830896600,50,88526711.17,154.830872,22.664,rapl_energylib,1.010829,1.010829
2026-10-02T15:48:59,large,10000000,16,omp,1,2,6.878478300,50,88526711.17,151.849915,22.076,rapl_energylib,1.003837,1.003837
2026-10-02T15:49:06,large,10000000,16,omp,1,3,6.885379100,50,88526711.17,152.786743,22.190,rapl_energylib,1.002831,1.002831
2026-10-02T15:49:13,large,10000000,16,omp,1,4,6.889242100,50,88526711.17,155.716187,22.603,rapl_energylib,1.002269,1.002269
2026-10-02T15:49:20,large,10000000,16,omp,1,5,6.859106300,50,88526711.17,149.653564,21.819,rapl_energylib,1.006672,1.006672
2026-10-02T15:49:26,large,10000000,16,omp,1,6,6.852590700,50,88526711.17,152.399902,22.242,rapl_energylib,1.007629,1.007629
2026-10-02T15:49:33,large,10000000,16,omp,1,7,6.888082200,50,88526711.17,148.117981,21.503,rapl_energylib,1.002437,1.002437
2026-10-02T15:49:40,large,10000000,16,omp,1,8,6.873286500,50,88526711.17,154.436340,22.469,rapl_energylib,1.004595,1.004595
2026-10-02T15:49:47,large,10000000,16,omp,1,9,6.863776800,50,88526711.17,150.502136,21.928,rapl_energylib,1.005987,1.005987
2026-10-02T15:49:54,large,10000000,16,omp,1,10,6.858891100,50,88526711.17,147.853149,21.557,rapl_energylib,1.006704,1.006704
2026-10-02T15:50:01,large,10000000,16,omp,2,1,3.562937400,50,88526711.17,106.780090,29.967,rapl_energylib,1.937972,0.968986
2026-10-02T15:50:05,large,10000000,16,omp,2,2,3.541843400,50,88526711.17,105.374512,29.751,rapl_energylib,1.949513,0.974757
2026-10-02T15:50:09,large,10000000,16,omp,2,3,3.561255200,50,88526711.17,106.309692,29.851,rapl_energylib,1.938887,0.969443
2026-10-02T15:50:12,large,10000000,16,omp,2,4,3.516683500,50,88526711.17,102.788696,29.226,rapl_energylib,1.963461,0.981731
2026-10-02T15:50:16,large,10000000,16,omp,2,5,3.582690600,50,88526711.17,107.038635,29.879,rapl_energylib,1.927287,0.963643
2026-10-02T15:50:19,large,10000000,16,omp,2,6,3.619616400,50,88526711.17,107.823669,29.785,rapl_energylib,1.907625,0.953813
2026-10-02T15:50:23,large,10000000,16,omp,2,7,3.649123000,50,88526711.17,115.931091,31.767,rapl_energylib,1.892200,0.946100
2026-10-02T15:50:27,large,10000000,16,omp,2,8,3.531428900,50,88526711.17,102.341492,28.981,rapl_energylib,1.955263,0.977631
2026-10-02T15:50:30,large,10000000,16,omp,2,9,3.582675600,50,88526711.17,106.270508,29.667,rapl_energylib,1.927295,0.963647
2026-10-02T15:50:34,large,10000000,16,omp,2,10,3.529586700,50,88526711.17,101.317688,28.706,rapl_energylib,1.956283,0.978142
2026-10-02T15:50:38,large,10000000,16,omp,4,1,1.876104200,50,88526711.17,84.007996,44.756,rapl_energylib,3.680431,0.920108
2026-10-02T15:50:40,large,10000000,16,omp,4,2,1.843747100,50,88526711.17,81.597229,44.253,rapl_energylib,3.745021,0.936255
2026-10-02T15:50:41,large,10000000,16,omp,4,3,1.864736700,50,88526711.17,83.431824,44.731,rapl_energylib,3.702867,0.925717
2026-10-02T15:50:43,large,10000000,16,omp,4,4,1.934050200,50,88526711.17,87.603455,45.309,rapl_energylib,3.570161,0.892540
2026-10-02T15:50:45,large,10000000,16,omp,4,5,1.888694400,50,88526711.17,85.781616,45.425,rapl_energylib,3.655897,0.913974
2026-10-02T15:50:47,large,10000000,16,omp,4,6,1.901151300,50,88526711.17,99.721191,52.457,rapl_energylib,3.631942,0.907986
2026-10-02T15:50:49,large,10000000,16,omp,4,7,1.920458900,50,88526711.17,88.951294,46.319,rapl_energylib,3.595428,0.898857
2026-10-02T15:50:51,large,10000000,16,omp,4,8,1.847629000,50,88526711.17,82.258423,44.505,rapl_energylib,3.737152,0.934288
2026-10-02T15:50:53,large,10000000,16,omp,4,9,1.834529500,50,88526711.17,81.514526,44.427,rapl_energylib,3.763838,0.940959
2026-10-02T15:50:55,large,10000000,16,omp,4,10,1.924927400,50,88526711.17,88.863220,46.174,rapl_energylib,3.587081,0.896770
2026-10-02T15:50:58,large,10000000,16,omp,6,1,1.304997800,50,88526711.17,71.486694,54.762,rapl_energylib,5.291098,0.881850
2026-10-02T15:50:59,large,10000000,16,omp,6,2,1.409038000,50,88526711.17,78.345947,55.599,rapl_energylib,4.900415,0.816736
2026-10-02T15:51:01,large,10000000,16,omp,6,3,1.327372000,50,88526711.17,72.444885,54.601,rapl_energylib,5.201911,0.866985
2026-10-02T15:51:02,large,10000000,16,omp,6,4,1.299677000,50,88526711.17,71.351990,54.896,rapl_energylib,5.312759,0.885460
2026-10-02T15:51:03,large,10000000,16,omp,6,5,1.352813700,50,88526711.17,74.636658,55.169,rapl_energylib,5.104081,0.850680
2026-10-02T15:51:05,large,10000000,16,omp,6,6,1.312741800,50,88526711.17,71.942627,54.802,rapl_energylib,5.259885,0.876648
2026-10-02T15:51:06,large,10000000,16,omp,6,7,1.425093800,50,88526711.17,79.595032,55.822,rapl_energylib,4.845205,0.807534
2026-10-02T15:51:07,large,10000000,16,omp,6,8,1.310956200,50,88526711.17,72.834778,55.526,rapl_energylib,5.267050,0.877842
2026-10-02T15:51:09,large,10000000,16,omp,6,9,1.341713900,50,88526711.17,75.172180,56.024,rapl_energylib,5.146307,0.857718
2026-10-02T15:51:10,large,10000000,16,omp,6,10,1.411159100,50,88526711.17,78.740540,55.794,rapl_energylib,4.893049,0.815508
