dataset,N,K,version,threads,runs,time_mean_s,time_std_s,time_median_s,speedup_mean,speedup_std,speedup_median,efficiency_mean,efficiency_std,energy_mean_j,energy_std_j,energy_median_j,energy_vs_seq,avg_power_mean_w,energy_method
small,10000,4,seq,1,10,0.001769,0.000077,0.001737,1.001600,0.041033,1.018386,1.001600,0.041033,0.040545,0.016331,0.041138,1.000000,19.773300,rapl_energylib
small,10000,4,pthreads,1,10,0.009775,0.000474,0.009697,0.181362,0.008496,0.182440,0.181362,0.008496,0.231964,0.025511,0.228791,5.721079,23.398300,rapl_energylib
small,10000,4,pthreads,2,10,0.010870,0.000586,0.010709,0.163164,0.008523,0.165201,0.081582,0.004261,0.364612,0.072201,0.366150,8.992658,32.904300,rapl_energylib
small,10000,4,pthreads,4,10,0.014686,0.000375,0.014703,0.120534,0.003144,0.120329,0.030134,0.000786,0.499408,0.030973,0.492798,12.317224,33.964800,rapl_energylib
small,10000,4,pthreads,6,10,0.019702,0.000309,0.019721,0.089817,0.001410,0.089708,0.014970,0.000235,0.750439,0.038850,0.755707,18.508574,38.109500,rapl_energylib
small,10000,4,omp,1,10,0.002803,0.000049,0.002782,0.631359,0.010872,0.635937,0.631359,0.010872,0.071192,0.035462,0.060181,1.755842,24.861100,rapl_energylib
small,10000,4,omp,2,10,0.003281,0.000406,0.003122,0.545293,0.055402,0.566623,0.272646,0.027701,0.103924,0.039292,0.082612,2.563155,31.548300,rapl_energylib
small,10000,4,omp,4,10,0.003852,0.000208,0.003863,0.460510,0.024998,0.458215,0.115127,0.006249,0.114435,0.016996,0.112030,2.822385,31.257600,rapl_energylib
small,10000,4,omp,6,10,0.004228,0.000303,0.004141,0.420299,0.029028,0.427257,0.070050,0.004838,0.139752,0.015345,0.136718,3.446797,32.010800,rapl_energylib
medium,1000000,8,seq,1,10,0.118158,0.017194,0.113146,1.014169,0.108248,1.044295,1.014169,0.108248,2.848608,1.669428,2.272827,1.000000,23.068000,rapl_energylib
medium,1000000,8,pthreads,1,10,0.118516,0.000924,0.118758,0.997031,0.007842,0.994951,0.997031,0.007842,2.377234,0.157592,2.399811,0.834525,20.036000,rapl_energylib
medium,1000000,8,pthreads,2,10,0.064029,0.000204,0.063953,1.845384,0.005880,1.847558,0.922692,0.002940,1.833545,0.074150,1.811310,0.643663,28.554900,rapl_energylib
medium,1000000,8,pthreads,4,10,0.038690,0.000861,0.038385,3.055276,0.066749,3.078277,0.763819,0.016687,1.506806,0.085919,1.499176,0.528962,39.106300,rapl_energylib
medium,1000000,8,pthreads,6,10,0.029582,0.002263,0.028840,4.013673,0.282481,4.097126,0.668945,0.047080,1.398767,0.107818,1.353180,0.491035,47.013500,rapl_energylib
medium,1000000,8,omp,1,10,0.119528,0.015682,0.114757,1.000186,0.098652,1.029633,1.000186,0.098652,3.108368,1.664452,2.494903,1.091188,25.085100,rapl_energylib
medium,1000000,8,omp,2,10,0.058700,0.000566,0.058730,2.013088,0.019411,2.011895,1.006544,0.009706,1.632941,0.086126,1.615448,0.573242,27.840100,rapl_energylib
medium,1000000,8,omp,4,10,0.031280,0.000605,0.031118,3.778718,0.072280,3.797061,0.944680,0.018070,1.359827,0.051985,1.343567,0.477365,43.479800,rapl_energylib
medium,1000000,8,omp,6,10,0.022706,0.001790,0.023208,5.233956,0.424568,5.097026,0.872326,0.070761,1.184991,0.078195,1.207642,0.415990,52.363400,rapl_energylib
large,10000000,16,seq,1,10,6.904871,0.061022,6.897576,1.000070,0.008828,1.001057,1.000070,0.008828,153.834259,6.345550,153.468170,1.000000,22.275900,rapl_energylib
large,10000000,16,pthreads,1,10,6.850641,0.087009,6.834479,1.008060,0.012594,1.010304,1.008060,0.012594,150.698511,7.214071,148.861053,0.979616,21.989200,rapl_energylib
large,10000000,16,pthreads,2,10,3.612550,0.051990,3.609230,1.911713,0.027525,1.913116,0.955857,0.013763,109.026740,5.385269,108.432159,0.708729,30.172300,rapl_energylib
large,10000000,16,pthreads,4,10,1.943377,0.049321,1.917964,3.555070,0.089449,3.600109,0.888768,0.022362,86.821735,3.668548,84.699860,0.564385,44.660100,rapl_energylib
large,10000000,16,pthreads,6,10,1.415796,0.106785,1.398163,4.899720,0.335557,4.938590,0.816620,0.055926,77.183752,6.082008,75.769623,0.501733,54.495900,rapl_energylib
large,10000000,16,omp,1,10,6.867973,0.018524,6.868532,1.005379,0.002716,1.005291,1.005379,0.002716,151.814679,2.753451,152.124909,0.986872,22.105100,rapl_energylib
large,10000000,16,omp,2,10,3.567784,0.042002,3.562096,1.935579,0.022620,1.938430,0.967789,0.011310,106.197607,4.074728,106.290100,0.690338,29.758000,rapl_energylib
large,10000000,16,omp,4,10,1.883603,0.035975,1.882399,3.666982,0.069994,3.668164,0.916745,0.017499,86.373077,5.482021,84.894806,0.561468,45.835600,rapl_energylib
large,10000000,16,omp,6,10,1.349556,0.048215,1.334543,5.122176,0.179650,5.174109,0.853696,0.029942,74.655133,3.188334,73.735718,0.485296,55.299500,rapl_energylib
